abandon+abandoned+abbey+abide+ability+able+aboard+abode+about+above+abraham+abroad+abruptly+absence+absent+absolute+absolutely+absorbed+absurd+abundance+abundant+abuse+accept+accepted+accepting+access+accompanied+accompany+accomplish+accomplished+accord+accordance+according+accordingly+account+accounts+accurate+accused+accustomed+acid+acknowledge+acquaintance+acquainted+acquired+acres+across+acted+acting+action+actions+active+activity+acts+actual+actually+adam+adams+adapted+added+adding+addition+additional+additions+address+addressed+addresses+addressing+adds+administration+admirable+admiration+admire+admired+admission+admit+admitted+adopt+adopted+adorned+advance+advanced+advancing+advantage+advantages+adventure+adventures+advice+advise+advised+affair+affairs+affect+affected+affection+affectionate+affections+afford+afforded+afraid+africa+african+after+afternoon+afterwards+again+against+aged+agent+agents+ages+agitated+agitation+agony+agree+agreeable+agreed+agreement+ahead+akin+alarm+alarmed+alas+albert+alexander+alfred+alice+alike+alive+allah+alliance+allow+allowed+almost+alone+along+aloud+already+also+altar+alter+alteration+altered+although+altogether+always+amazement+ambition+ambitious+america+american+amiable+amid+amidst+among+amongst+amount+ample+amusement+ancestors+anchor+ancient+andrew+angel+angels+anger+angle+angrily+angry+anguish+animal+animals+animated+anna+anne+announcement+annual+another+answer+answered+answering+answers+anthony+anxiety+anxious+anxiously+anybody+anyhow+anyone+anything+anyway+anywhere+apart+apartment+apparent+apparently+appeal+appear+appearance+appeared+appearing+appears+appetite+applause+apple+applicable+application+apply+appointed+appointment+appreciate+apprehension+approach+approached+approaching+appropriate+approval+april+arab+arch+ardent+area+argument+arguments+arise+armies+arms+army+arose+around+arrange+arrangement+arrangements+array+arrest+arrested+arrival+arrive+arrow+arrows+arthur+article+articles+artificial+artillery+artist+artistic+artists+arts+ascended+ascertain+ascii+ashamed+ashes+ashore+asia+aside+asked+asking+asks+asleep+aspect+assault+assembled+assembly+asserted+assigned+assist+assistance+assisted+associated+association+assume+assurance+assure+assured+astonishment+athens+atlantic+atmosphere+attached+attachment+attack+attacked+attacks+attain+attained+attempt+attempted+attempts+attend+attended+attending+attention+attitude+attracted+attractive+audience+aught+august+aunt+australia+austria+austrian+author+authority+authors+autumn+avail+available+average+avoid+avoided+awaited+awaiting+awake+awakened+aware+away+awful+awhile+awkward+awoke+baby+back+background+backs+bade+badly+balance+ball+balls+band+bands+bank+banks+barbara+bare+barely+bargain+bark+barren+bars+base+based+basis+basket+bath+battle+battles+beach+bear+beard+bearing+bears+beast+beasts+beat+beaten+beating+beautiful+beauty+became+because+become+becomes+becoming+bedroom+beds+been+beer+before+beforehand+began+begged+begin+beginning+begins+behalf+behaviour+beheld+behind+behold+being+beings+belief+believe+bell+bells+belong+belonged+belonging+belongs+beloved+below+bench+bending+beneath+benefit+bent+berlin+beside+besides+best+bestowed+betray+betrayed+better+between+bewildered+beyond+bidding+bill+bills+billy+binary+bird+birds+birth+bishop+bits+bitter+bitterly+bitterness+black+blame+blank+blaze+bless+blessed+blessing+blew+blind+bliss+block+blockquote+blood+bloody+bloom+blow+blowing+blown+blows+blue+board+boat+boats+bodily+body+boiled+boiling+bold+boldly+bonaparte+bond+bonds+bone+bones+book+books+boots+border+bore+born+borne+borrowed+bosom+boston+both+bottle+bottom+bought+bound+bowed+bowl+boxes+boys+brain+brains+branch+branches+brass+brave+bread+breadth+break+breakfast+breaking+breaks+breast+breath+breathe+breathed+breeze+brethren+brick+bride+bridge+brief+briefly+bright+brilliant+bring+bringing+brings+britain+british+broke+broken+brook+brother+brothers+brought+brown+brows+brush+brute+build+building+buildings+built+bull+bundle+burden+buried+burn+burned+burning+burnt+burst+bush+bushes+business+busy+butter+cabin+caesar+cake+calculate+calculated+california+call+called+calling+calls+calm+calmly+cambridge+came+camp+campaign+canada+candle+cannon+cannot+canoe+capable+capacity+capital+captain+capture+card+cardinal+care+cared+career+careful+carefully+careless+cares+carolina+carriage+carry+carrying+cart+carved+case+cases+cast+casting+castle+catch+catching+catherine+catholic+cattle+caught+cause+causes+caution+cavalry+cave+cease+ceased+celebrated+cell+cent+center+central+centre+cents+centuries+century+ceremony+certain+certainly+certainty+chain+chains+chair+chairs+challenge+chamber+chance+chances+change+changes+channel+chap+chapel+chapter+character+characteristic+characteristics+characters+charge+charges+charity+charles+charlotte+charm+charming+charms+chase+chaucer+cheap+check+checked+cheer+cheerful+cheerfully+chest+chicago+chief+chiefly+chiefs+child+childhood+childish+children+chin+china+chinese+choice+choose+chorus+chose+chosen+christ+christian+christianity+christians+christmas+church+churches+cigar+circle+circumstance+circumstances+cities+citizen+citizens+city+civil+civilization+civilized+clad+claim+claimed+claims+clara+clasped+class+classes+clay+clean+clear+cleared+clearly+clergy+clergyman+clerk+clever+cliff+climate+climbed+clock+close+closed+closely+closer+closing+cloth+clothed+clothes+clothing+cloud+clouds+club+clung+coach+coal+coarse+coast+coat+codes+coffee+coin+cold+collar+collect+collected+collection+college+colonel+colony+color+colored+colors+colour+coloured+columbia+column+columns+combat+combination+combined+come+comes+comfort+comfortable+coming+command+commanded+commander+commanding+commands+commenced+comment+commerce+commercial+commission+commit+committed+committee+common+commonly+commons+communicate+communicated+communication+community+companies+companion+companions+company+comparatively+compare+compared+comparison+compass+compassion+compelled+complained+complaint+complete+completed+completely+complexion+compliance+compliment+comply+complying+composed+composition+comprehend+compressed+computer+computers+comrades+conceal+concealed+conceive+conceived+concept+conception+concern+concerned+concerning+conclude+concluded+conclusion+condemned+condition+conditions+conduct+conducted+conference+confess+confessed+confession+confidence+confident+confined+confirmed+conflict+confused+confusion+congregation+connected+connection+conquered+conscience+conscious+consciousness+consent+consented+consequence+consequences+consequently+consider+considerable+considerably+consideration+considered+considering+consisted+consisting+consists+consolation+conspicuous+constant+constantly+constitution+constitutional+constructed+construction+consult+consulted+contact+contain+contained+containing+contains+contempt+content+contented+contents+contest+continent+continual+continually+continue+continued+continues+continuous+contract+contrast+contributed+contributions+contrived+control+convenient+convent+convention+conversation+conversion+convert+converted+convey+conveyed+conviction+convince+convinced+cook+cooking+cool+copied+copies+copper+copy+copying+copyright+corn+corner+corners+corps+corpse+correct+correspondence+corresponding+corrupt+cost+costs+costume+cottage+cotton+couch+could+council+counsel+count+counted+countenance+countries+country+countrymen+county+couple+courage+course+court+courtesy+courts+cousin+cover+covered+covering+craft+crazy+cream+create+created+creating+creation+creature+creatures+credit+creek+crept+crew+cried+cries+crime+crimes+criminal+crimson+crisis+critical+criticism+crop+cross+crossed+crossing+crowd+crowded+crown+crowned+cruel+cruelty+crushed+crying+cultivated+cultivation+culture+cunning+cure+curiosity+curious+curiously+current+curse+cursed+curtain+curtains+custom+customs+cutting+daily+damage+damaged+damages+damp+dance+danced+danger+dangerous+dangers+daniel+dare+dared+daring+dark+darkness+dashed+data+date+dates+daughter+daughters+david+dawn+daylight+days+dead+deadly+deal+dealing+dealt+dear+dearest+death+debt+debts+deceive+deceived+december+decent+decide+decided+decision+deck+declaration+declare+declared+decline+declined+decree+dedicated+deductible+deed+deeds+deemed+deep+deeper+deepest+deeply+deer+defeat+defeated+defect+defective+defend+defended+defense+defiance+definite+degree+degrees+delay+deliberately+delicacy+delicate+delicious+delight+delighted+delightful+deliver+delivered+demand+demanded+demands+denied+dense+deny+depart+departed+department+departure+depend+depended+dependent+depends+deprived+depth+depths+derivative+derive+derived+descend+descended+descent+describe+describes+description+desert+deserted+deserve+deserved+design+designed+designs+desirable+desire+desired+desires+desirous+desk+desolate+despair+desperate+despite+destined+destiny+destroy+destroyed+destruction+detail+details+determination+determine+determined+developed+development+devil+devoted+devotion+dick+didst+dies+differ+difference+differences+different+difficult+difficulties+dignified+dignity+dine+dined+dinner+direct+directed+direction+directions+directly+dirty+disagreeable+disappeared+disappointed+disappointment+disaster+discharge+disciples+discipline+disclaimer+disclaimers+disclaims+discourse+discover+discovered+discovery+discretion+discuss+discussion+disease+disgrace+disguise+disgust+dish+dishes+disk+dislike+dismissed+disorder+display+displayed+displaying+disposed+disposition+dispute+distance+distant+distinct+distinction+distinctly+distinguish+distinguished+distress+distribute+distributed+distributing+distribution+district+districts+disturb+disturbed+divide+divine+division+divisions+doctor+doctors+doctrine+doctrines+document+documents+does+dogs+doing+dollar+dollars+domain+domestic+dominion+donate+donation+donations+done+doom+door+doors+doorway+dorothy+dost+doth+double+doubt+doubted+doubtful+doubtless+doubts+douglas+down+download+dozen+drag+dragged+drama+dramatic+drank+draw+drawing+drawn+dread+dreaded+dreadful+dream+dreamed+dreaming+dreams+dreary+dress+dressed+dressing+drew+dried+drink+drinking+drive+driven+driver+driving+drop+dropped+dropping+drops+drove+drunk+duke+dull+duly+dumb+during+dust+dutch+duties+duty+dwell+dwelling+dwelt+dying+each+eager+eagerly+eagerness+eagle+earlier+earliest+early+earn+earnest+earnestly+ears+earth+earthly+ease+easier+easily+east+eastern+eaten+eating+economic+economy+edge+edinburgh+edit+edited+edith+editing+edition+editions+editor+education+educational+edward+effect+effected+effective+effects+effort+efforts+eggs+Egypt+egyptian+eight+eighteen+eighty+either+elaborate+elbow+elder+eldest+elect+elected+election+electric+electronic+electronically+elegant+element+elements+elevated+elevation+eleven+elizabeth+ellen+eloquence+eloquent+else+elsewhere+email+embrace+embraced+emily+eminent+emotion+emotions+emperor+empire+employ+employment+empty+enable+enabled+encounter+encountered+encourage+encouragement+endeavour+endeavoured+ended+ending+endless+ends+endure+endured+enemies+enemy+energy+engage+engaged+engagement+engine+England+english+englishman+enjoy+enjoyed+enjoying+enjoyment+enormous+enough+enter+entered+entering+enterprise+enters+entertain+entertained+entertainment+enthusiasm+entire+entirely+entity+entrance+envy+equal+equality+equally+equipment+equivalent+erect+erected+errand+error+errors+escape+escaped+especially+essence+essential+essentially+establish+established+establishment+estate+estates+esteem+estimate+eternal+europe+european+even+evening+event+events+ever+everlasting+every+everybody+everyone+everything+everywhere+evidence+evident+evidently+evil+evils+exact+exactly+exalted+examination+examine+examined+examining+example+examples+exceeding+exceedingly+excellence+excellent+except+exception+excess+exchange+exchanged+excited+excitement+exclaimed+exclusion+excuse+execution+exempt+exercise+exercised+exhausted+exhibited+exile+exist+existed+existence+existing+exists+expect+expectation+expected+expecting+expedition+expense+expenses+experience+experienced+experiences+experiment+experiments+explain+explained+explanation+express+expressed+expressing+expression+expressions+exquisite+extend+extended+extending+extensive+extent+external+extra+extraordinary+extreme+extremely+extremity+eyes+face+faced+faces+facility+facing+fact+facts+faculties+faculty+faded+fail+failed+failure+fain+faint+faintly+fair+fairly+fairy+faith+faithful+faithfully+fall+falling+falls+false+fame+familiar+family+famous+fancied+fancy+fanny+fare+farewell+farm+farmer+farther+fashion+fashionable+fast+fastened+fatal+fate+father+fathers+fatigue+fault+faults+favor+favorable+favorite+favour+favourable+favourite+fear+feared+fearful+fears+feast+feature+features+february+federal+feeble+feed+feel+feeling+feelings+feels+fees+feet+fell+fellow+fellows+felt+female+feminine+fence+fetch+fever+fiction+field+fields+fierce+fiercely+fiery+fifteen+fifth+fifty+fight+fighting+figure+figures+file+filename+files+fill+filled+filling+final+finally+financial+find+finding+finds+fine+finest+finger+fingers+finish+finished+fire+fires+firing+firm+firmly+first+fish+fishing+fist+fitted+fitting+five+fixed+flag+flame+flames+flash+flashed+flat+fled+fleet+flesh+flew+flies+flight+floating+flock+flood+floor+florence+flour+flow+flowed+flower+flowers+flowing+flung+flushed+flying+foes+folded+folk+folks+follow+followed+following+follows+folly+fond+food+fool+foolish+fools+foot+footsteps+forbid+forbidden+force+forced+forces+ford+forehead+foreign+foremost+forest+forests+forever+forget+forgive+forgot+forgotten+form+formal+format+formation+formats+formed+former+formerly+formidable+forming+forms+fort+forth+fortnight+fortunate+fortune+fortunes+forty+forward+fought+foul+found+foundation+founded+fountain+four+fourteen+fourth+fragments+frame+france+francis+frank+frankly+fred+frederick+free+freedom+freely+french+frenchman+frequent+frequently+fresh+friday+friend+friendly+friends+frightened+frightful+from+front+frontier+frozen+fruit+fruits+fulfilled+full+fully+functions+fund+fundamental+funeral+funny+furious+furnish+furnished+furniture+further+fury+future+gain+gained+gallant+gallery+game+games+gang+garden+gardens+garments+garrison+gasped+gate+gates+gather+gathered+gathering+gave+gaze+gazed+gazing+general+generally+generals+generation+generations+generosity+generous+genius+gentle+gentleman+gentlemen+gently+genuine+genus+George+georgia+german+germans+germany+gesture+gets+getting+ghost+giant+gift+gifts+gigantic+gilbert+girl+girls+give+given+gives+giving+glad+gladly+glance+glanced+glancing+glass+glasses+gleam+glimpse+glittering+gloom+gloomy+glorious+glory+glow+glowing+goddess+gods+goes+going+gold+golden+gone+good+goods+gospel+govern+governed+government+governor+gown+grace+graceful+gracious+gradually+grain+grand+grandfather+grandmother+grant+granted+grasp+grasped+grass+grateful+gratefully+gratitude+grave+gravely+gravity+gray+great+greater+greatest+greatly+greatness+greece+greek+greeks+green+greeted+greeting+gregory+grew+grey+grief+grim+gross+ground+grounds+group+groups+grow+growing+grown+grows+growth+guard+guarded+guardian+guards+guess+guessed+guest+guests+guide+guided+guilt+guilty+guns+Gutenberg+habit+habits+hair+half+hall+halted+hamilton+hand+handed+handkerchief+handle+hands+handsome+hang+hanging+happen+happened+happens+happier+happily+happiness+happy+harbour+hard+harder+hardly+harm+harmless+harmony+harold+harry+harsh+hart+harvest+hast+haste+hastened+hastily+hasty+hate+hated+hath+hatred+haunted+have+having+head+header+heads+health+healthy+heap+hear+heard+hearing+heart+heartily+hearts+hearty+heat+heathen+heaven+heavenly+heavens+heavily+heavy+hebrew+heed+heels+height+heights+heir+held+helen+hell+help+helped+helping+helpless+hence+henry+herbert+herd+here+hereafter+hero+heroes+heroic+hers+herself+hesitate+hesitated+hesitation+hidden+hide+hideous+hiding+high+higher+highest+highly+hill+hills+himself+hint+hired+historical+history+hither+hitherto+hold+holder+holding+holds+hole+holes+holiday+holland+hollow+holy+home+homes+honest+honey+honor+honorable+honour+honourable+hope+hoped+hopeless+hopes+hoping+horace+horizon+horn+horns+horrible+horrid+horror+horse+horses+hospital+hospitality+host+hostile+hotel+hour+hours+house+household+houses+however+huge+hugh+human+humanity+humble+humor+humour+hundred+hundreds+hung+hunger+hungry+hunt+hunting+hurried+hurriedly+hurry+hurt+husband+hypertext+idea+ideal+ideas+identify+idle+ignorance+ignorant+illinois+illness+illustrated+illustration+illustrious+image+images+imagination+imagine+imagined+imitation+immediate+immediately+immense+immortal+impatience+impatient+impatiently+imperial+implied+importance+important+imposed+impossible+impressed+impression+impressions+improve+improved+improvement+impulse+inaccurate+incapable+inch+inches+incident+incidents+inclination+inclined+include+included+includes+including+income+incomplete+increase+increased+increasing+incredible+indeed+indemnify+independence+independent+india+indian+indicate+indicated+indicating+indifference+indifferent+indignant+indignation+indirectly+individual+individuals+induce+induced+industrial+industry+inevitable+infant+infantry+inferior+infinite+infinitely+influence+influences+inform+information+informed+infringement+inhabitants+inheritance+injured+injury+injustice+inner+innocence+innocent+innumerable+inquire+inquired+inquiries+inquiry+inside+insist+insisted+inspiration+inspired+instance+instances+instant+instantly+instead+instinct+institution+institutions+instructed+instruction+instructions+instrument+instruments+insult+intellect+intellectual+intelligence+intelligent+intend+intended+intense+intent+intention+intentions+intercourse+interest+interested+interesting+interests+interfere+interior+internal+international+interpretation+interpreted+interrupted+interval+intervals+interview+intimate+into+introduce+introduced+introduction+invariably+invasion+invented+invention+investigation+invisible+invitation+invited+involved+inward+ireland+irish+iron+irregular+island+israel+issue+issued+italian+italy+itself+jack+jackson+jacob+james+jane+january+japan+japanese+jealous+jealousy+jean+jersey+jerusalem+jest+jesus+jewels+jewish+jews+john+johnson+join+joined+joint+joke+jolly+jones+joseph+joyous+joys+judge+judged+judges+judgment+julia+july+jump+jumped+june+jury+just+justice+justified+justify+justly+kate+keen+keep+keeping+keeps+kentucky+kept+kill+killed+killing+kind+kindly+kindness+kinds+king+kingdom+kings+kiss+kissed+kitchen+knee+knees+knelt+knew+knife+knight+knights+knock+knocked+know+knowing+knowledge+known+knows+labor+labour+lace+lack+ladder+ladies+lads+lady+laid+lake+lamp+lamps+land+landed+landing+lands+landscape+lane+language+languages+lantern+large+largely+larger+largest+last+lasted+late+lately+later+latest+latin+latitude+latter+laugh+laughed+laughing+laughter+laura+lawrence+laws+lawyer+lawyers+laying+lead+leader+leaders+leading+leads+leaf+leagues+lean+leaned+leaning+leap+leaped+learn+learned+learning+learnt+least+leather+leave+leaves+leaving+left+legal+legally+legend+legislation+legs+leisure+lend+length+lent+less+lesson+lessons+lest+letter+letters+letting+level+lewis+liability+liable+liberal+liberty+library+license+licensed+lies+lieu+lieutenant+life+lift+lifted+lifting+light+lighted+lightly+lightning+lights+like+liked+likely+likeness+likes+likewise+limbs+limit+limitation+limited+limits+lincoln+line+linen+lines+links+lion+lips+liquid+liquor+list+listen+listened+listening+literally+literary+literature+little+live+lived+lively+lives+living+load+loaded+local+located+locations+lock+locked+lodge+lofty+london+lonely+long+longed+longer+longing+look+looked+looking+looks+loose+lord+lords+lordship+lose+losing+loss+lost+lots+loud+loudly+louis+love+loved+lovely+lover+lovers+loves+loving+lower+lowered+lowest+loyal+loyalty+luck+lucky+lucy+lunch+luxury+lying+machine+machinery+madam+madame+made+madness+magazine+magic+magistrate+magnificent+maid+maiden+mail+main+mainly+maintain+maintained+maintaining+major+majority+make+makes+making+male+manage+managed+management+manager+manhood+manifest+mankind+manner+manners+mansion+manuscript+many+marble+march+marched+marching+margaret+maria+marie+mark+marked+market+marks+marquis+marriage+married+marry+marshal+martin+marvellous+mary+mass+massachusetts+masses+master+masters+match+mate+material+materials+matter+matters+maurice+maximum+maybe+meal+mean+meaning+means+meant+meantime+meanwhile+measure+measured+measures+meat+mechanical+medical+medicine+medium+meet+meeting+meetings+melancholy+melted+member+members+memories+memory+mental+mention+mentioned+merchant+merchants+mercy+mere+merely+merit+merits+merry+message+messenger+metal+method+methods+mexico+Michael+middle+midnight+midst+might+mighty+mild+mile+miles+military+milk+mill+million+millions+milton+mind+minds+mine+mines+mingled+minister+minor+minute+minutes+miracle+mirror+mischief+miserable+misery+misfortune+missed+missing+mission+mississippi+missouri+mist+mistake+mistaken+mistress+mixed+mixture+mode+model+moderate+modern+modest+modification+modified+moment+moments+monarch+monday+money+monks+monster+monstrous+month+months+mood+moon+moonlight+moral+morality+more+moreover+morning+morrow+mortal+moses+most+mostly+mother+mothers+motion+motionless+motive+motives+mount+mountain+mountains+mounted+mourning+mouth+move+moved+movement+movements+moves+moving+much+multitude+murder+murdered+murmur+murmured+muscles+music+musical+must+muttered+mutual+myself+mysterious+mystery+naked+name+named+namely+names+naples+narrative+narrow+nation+national+nations+native+natives+natural+naturally+nature+naval+near+nearer+nearest+nearly+neat+necessarily+necessary+necessity+neck+need+needed+needs+neglect+neglected+negro+neighborhood+neighbors+neighbour+neighbouring+neither+nephew+nerve+nerves+nervous+nest+never+nevertheless+newly+news+newspaper+newspapers+next+nice+nicholas+niece+nigh+night+nights+nine+nobility+noble+nobles+nobody+nodded+noise+none+nonsense+noon+normal+norman+north+northern+nose+note+noted+notes+nothing+notice+noticed+notion+notions+notwithstanding+novel+november+nowhere+number+numbers+numerous+nurse+oath+obedience+obey+obeyed+object+objection+objects+obligation+obliged+obscure+observation+observations+observe+observed+observing+obtain+obtained+obtaining+obvious+obviously+occasion+occasional+occasionally+occasioned+occasions+occupation+occupied+occupy+occur+occurred+occurs+ocean+october+offence+offended+offer+offered+offering+offers+office+officer+officers+offices+official+officials+often+ohio+older+oldest+oldfashioned+oliver+once+ones+online+only+open+opened+opening+openly+opens+opera+operation+operations+opinion+opinions+opportunities+opportunity+oppose+opposed+opposite+opposition+oppressed+orange+order+ordered+orders+ordinary+organ+organization+organized+organs+origin+original+originally+orleans+other+others+otherwise+ought+ours+ourselves+outer+outline+outside+outward+over+overcome+owed+owing+owned+owner+owns+oxford+pace+pacific+pack+packed+page+pages+paid+pain+painful+pains+paint+painted+painter+painting+pair+palace+pale+palm+papa+paper+papers+paradise+paragraph+paragraphs+parallel+pardon+parent+parents+paris+parish+park+part+parted+particular+particularly+particulars+parties+parting+partly+partner+parts+party+pass+passage+passages+passed+passengers+passes+passing+passion+passions+past+path+paths+patience+patient+pattern+paul+pause+paused+paying+payment+payments+peace+peaceful+peasant+peasants+peculiar+pennsylvania+penny+people+peoples+perceive+perceived+perfect+perfection+perfectly+perform+performance+performed+performing+perhaps+period+periodic+perish+perished+permanent+permission+permit+permitted+perpetual+persian+persisted+person+personal+personality+personally+persons+persuade+persuaded+pertaining+peter+petty+phenomena+phil+philadelphia+philip+philosopher+philosophy+phrase+physical+physician+piano+pick+picked+picture+pictures+picturesque+piece+pieces+pierre+pile+pillow+pine+pink+pious+pipe+pistol+pitch+pity+place+placed+places+placing+plain+plainly+plains+plan+planned+plans+plant+planted+plants+plate+platform+play+played+playing+plays+pleasant+please+pleased+pleasing+pleasure+pleasures+pledge+plenty+plot+plunged+pocket+pockets+poem+poems+poetic+poetry+poets+point+pointed+pointing+points+poison+pole+police+policy+polished+polite+political+politics+polly+pool+poor+pope+popular+population+porch+port+portion+portions+portrait+portuguese+position+positions+positive+positively+possess+possessed+possession+possessions+possibility+possible+possibly+post+posted+potatoes+pound+pounds+pour+poured+poverty+powder+power+powerful+powers+practical+practically+practice+practised+praise+praised+pray+prayed+prayer+prayers+preach+preacher+preceding+precious+precisely+prefer+preferred+prejudice+preliminary+preparation+preparations+prepare+prepared+preparing+presence+present+presented+presently+presents+preserve+preserved+president+press+pressed+pressing+pressure+presume+pretend+pretended+pretty+prevailed+prevent+prevented+previous+previously+prey+price+prices+pride+priest+priests+prime+primitive+prince+princes+princess+principal+principle+principles+print+printed+prison+prisoner+prisoners+private+privilege+privileges+prize+probability+probable+probably+problems+proceed+proceeded+proceeding+proceedings+process+processing+procession+proclaimed+procure+procured+produce+produced+produces+producing+product+production+products+profession+professional+profit+profits+profound+program+progress+prohibition+project+projected+prominent+prominently+promise+promised+promises+promising+promoting+promotion+promptly+pronounced+proof+proofread+proofs+proper+properly+property+prophet+prophets+proposal+propose+proposed+proposition+proprietary+prose+prospect+prosperity+protect+protected+protection+protest+protested+proud+prove+proved+provide+provided+providence+providing+province+provinces+provision+provisions+prudence+prudent+prussia+pseud+public+publication+published+pull+pulled+pulling+punish+punished+punishment+pupil+pupils+purchase+purchased+pure+purely+purity+purple+purpose+purposes+purse+pursue+pursued+pursuit+push+pushed+putting+puzzled+quality+quantities+quantity+quarrel+quarter+quarters+queen+queer+question+questioned+questions+quick+quickly+quiet+quietly+quit+quite+quoted+quoth+race+races+radiant+rage+railroad+railway+rain+raise+raised+raising+ralph+rang+range+rank+ranks+rapid+rapidly+rare+rarely+rate+rather+rational+rays+reach+reached+reaching+read+readable+reader+readers+readily+reading+ready+real+reality+realize+realized+really+realm+rear+reason+reasonable+reasoning+reasons+rebel+rebellion+recall+recalled+receipt+receive+received+receiving+recent+recently+reception+reckon+recognised+recognition+recognize+recognized+recollect+recollection+recommend+recommended+record+recorded+records+recover+recovered+reduced+refer+reference+references+referred+refined+reflect+reflected+reflection+reform+refuge+refund+refusal+refuse+refused+regard+regarded+regarding+regards+regiment+region+regions+registered+regret+regular+regularly+reign+rejected+rejoice+rejoiced+rejoined+relate+related+relation+relations+relative+relatives+release+released+relief+relieve+relieved+religion+religious+remain+remainder+remained+remaining+remains+remark+remarkable+remarked+remarks+remedy+remember+remembered+remembrance+remind+reminded+remote+remove+removed+render+rendered+renewed+rent+repair+repeat+repeated+replace+replaced+replacement+replied+reply+report+reported+reports+repose+represent+representation+representative+representatives+represented+representing+reproach+republic+reputation+request+requested+require+required+requirements+requires+rescue+research+resemblance+resembling+resentment+reserve+reserved+residence+resist+resistance+resolution+resolve+resolved+resort+resources+respect+respectable+respected+respecting+respective+respects+responded+response+responsibility+responsible+rest+rested+resting+restless+restore+restored+restrictions+result+resulting+results+resumed+retain+retained+retire+retorted+return+returned+returning+returns+reveal+revealed+revelation+revenge+revenue+reverence+review+revolt+revolution+reward+rice+rich+richard+riches+ride+ridge+ridiculous+riding+rifle+right+righteous+righteousness+rightly+rights+rigid+ring+ringing+rings+rise+risen+rises+risk+rival+river+rivers+road+roads+roar+robbed+robe+robert+robin+rock+rocks+rocky+rode+roger+roll+rolled+rolling+roman+romance+romans+romantic+rome+roof+room+rooms+root+roots+rope+rose+roses+rough+round+roused+route+rows+royal+royalty+rude+ruin+ruined+ruins+rule+ruled+ruler+rules+running+runs+rush+rushed+rushing+russia+russian+ruth+sacred+sacrifice+sacrifices+saddle+sadly+safe+safely+safety+said+sail+sailed+sailing+sailor+sailors+sails+saint+saints+sake+salary+sale+sally+salt+salvation+same+samuel+sand+sang+sank+sarah+satan+satisfaction+satisfactory+satisfied+satisfy+saturday+savage+savages+save+saved+saving+saxon+saying+says+scale+scarce+scarcely+scarlet+scattered+scene+scenery+scenes+scent+scheme+scholar+school+schools+science+scientific+score+scorn+scotch+scotland+scott+scripture+seal+search+searched+searching+seas+season+seat+seated+seats+second+seconds+secret+secretary+secretly+secrets+section+secure+secured+security+seed+seeds+seeing+seek+seeking+seem+seemed+seeming+seems+seen+sees+seize+seized+seldom+select+selected+selection+self+selfish+sell+send+sending+sends+sensation+sense+senses+sensible+sensitive+sent+sentence+sentences+sentiment+sentiments+separate+separated+separation+september+series+serious+seriously+sermon+servant+servants+serve+served+service+services+serving+session+sets+setting+settle+settled+settlement+seven+seventeen+seventy+several+severe+shade+shadow+shadows+shak+shake+shaken+shakespeare+shaking+shall+shallow+shalt+shame+shape+share+shared+sharp+sharply+shed+sheep+sheer+sheet+sheets+shell+shells+shelter+shield+shillings+shine+shining+ship+ships+shirt+shock+shoes+shone+shook+shoot+shooting+shop+shops+shore+shores+short+shortly+shot+should+shoulder+shoulders+shout+shouted+shouting+shouts+show+showed+showing+shown+shows+shut+sick+sickness+side+sides+siege+sigh+sighed+sight+sign+signal+signed+significance+significant+signs+silence+silent+silently+silk+silly+silver+similar+simon+simple+simplicity+simply+since+sincere+sincerity+sing+singing+single+singular+sink+sinking+sins+sister+sisters+site+sites+sits+sitting+situated+situation+sixteen+sixty+size+sketch+skies+skill+skin+slave+slavery+slaves+sleep+sleeping+slender+slept+slight+slightest+slightly+slip+slipped+slope+slow+slowly+small+smaller+smallest+smart+smell+smile+smiled+smiles+smiling+smith+smoke+smoking+smooth+snow+sober+socalled+social+society+sofa+soft+softly+software+soil+sold+soldier+soldiers+sole+solemn+solemnly+solicit+solid+solitary+solitude+solomon+solution+some+somebody+somehow+someone+something+sometimes+somewhat+somewhere+song+songs+sons+soon+sooner+sore+sorrow+sorrows+sorry+sort+sorts+sought+soul+souls+sound+sounded+sounds+source+sources+south+southern+sovereign+space+spain+spake+spaniards+spanish+spare+spared+speak+speaker+speaking+speaks+spear+special+specially+species+specific+specified+specimen+specimens+spectacle+speech+speeches+speed+speedily+spell+spend+spent+sphere+spirit+spirits+spiritual+spite+splendid+spoil+spoke+spoken+sport+spot+spots+spread+spring+springs+sprung+square+squire+stable+staff+stage+staircase+stairs+stake+stand+standard+standing+stands+star+stare+stared+staring+stars+start+started+starting+startled+state+stated+stately+statement+statements+states+station+statue+status+stay+stayed+staying+steadily+steady+steal+steam+steamer+steel+steep+step+stephen+stepped+steps+stern+stick+sticks+stiff+still+stir+stirred+stirring+stock+stolen+stomach+stone+stones+stood+stop+stopped+stopping+store+stores+storm+story+stout+stove+straight+strain+strange+strangely+stranger+strangers+straw+stream+streams+street+streets+strength+stretch+stretched+strict+strictly+strife+strike+strikes+striking+string+stroke+strong+stronger+strongest+strongly+struck+structure+struggled+struggling+student+students+studied+studies+study+studying+stuff+stupid+style+subdued+subject+subjects+sublime+submit+submitted+subscribe+subsequent+subsequently+substance+subtle+succeed+succeeded+success+successful+successfully+succession+such+sudden+suddenly+suffer+suffered+suffering+sufferings+sufficient+sufficiently+sugar+suggest+suggested+suggestion+suit+suitable+suited+summer+summit+summoned+sunday+sunk+sunlight+sunny+sunset+sunshine+superior+supper+supplied+supplies+supply+support+supported+suppose+supposed+supposing+supreme+sure+surely+surface+surprise+surprised+surprising+surrender+surrounded+surrounding+surroundings+survive+susan+suspect+suspected+suspended+suspicion+suspicions+suspicious+sustained+swallowed+swamp+swear+sweep+sweet+sweetness+swell+swift+swiftly+sword+swords+sworn+swung+sympathetic+sympathy+system+table+tables+tail+take+taken+takes+taking+tale+talent+talents+tales+talk+talked+talking+tall+task+taste+taught+taxes+taylor+teach+teacher+teachers+teaching+tear+tears+teeth+telephone+tell+telling+tells+temper+temperament+temperature+temple+temples+temporary+temptation+tempted+tend+tendency+tender+tenderly+tenderness+tennessee+tent+tents+term+terms+terrible+terribly+terrified+territory+terror+test+testimony+texas+text+than+thank+thanked+thankful+thanks+that+theatre+thee+their+theirs+them+theme+themselves+then+thence+theory+there+thereby+therefore+therein+thereof+these+they+thick+thief+thin+thine+thing+things+think+thinking+thinks+third+thirst+thirteen+thirty+this+thither+thomas+thoroughly+those+thou+though+thought+thoughtful+thoughts+thousand+thousands+thread+threatened+threatening+three+threshold+threw+throat+throne+through+throughout+throw+throwing+thrown+thrust+thunder+thus+thyself+tide+tidings+tied+tight+till+timber+time+times+tiny+tired+title+titles+tobacco+today+together+told+tomb+tone+tones+tongue+tongues+took+tore+torn+torture+tossed+total+totally+touch+touched+touching+toward+towards+tower+towers+town+towns+trace+traced+traces+track+trade+trademark+tradition+tragedy+tragic+trail+train+trained+training+transcribe+transcription+transfer+translated+translation+trap+travel+travelled+traveller+travellers+travelling+tread+treasure+treasures+treasury+treat+treated+treatment+treaty+tree+trees+tremble+trembled+trembling+tremendous+trial+tribe+tribes+tribute+trick+tried+trifle+trifling+trip+triumph+triumphant+troops+trouble+troubled+troubles+true+truly+trunk+trust+trusted+truth+trying+tune+turkish+turn+turned+turning+turns+twelve+twenty+twentyfive+twentyfour+twice+twilight+twisted+type+types+tyranny+ugly+unable+uncertain+uncle+unconscious+under+understand+understanding+understood+undertake+undertaking+undoubtedly+uneasy+unexpected+unfortunate+unfortunately+unhappy+uniform+union+united+unity+universal+universe+unjust+unknown+unless+unlike+unnecessary+unpleasant+unseen+until+unto+unusual+unwilling+unworthy+upon+upper+upright+upstairs+upward+upwards+urged+used+useful+useless+user+uses+using+usual+usually+utmost+utter+uttered+utterly+vague+vain+valley+valuable+value+vanished+vanity+varied+varieties+variety+various+vast+veil+veins+velvet+venerable+vengeance+venice+venture+ventured+verse+verses+version+very+vessel+vessels+vice+vicinity+victim+victims+victor+victory+vienna+view+viewed+viewing+views+vigorous+vile+village+villages+violence+violent+violently+virgin+virginia+virtue+virtues+virtuous+virus+visible+vision+visit+visited+visiting+visitor+visitors+vital+vivid+voice+voices+void+volume+volumes+volunteers+vote+voyage+vulgar+wages+wagon+waist+wait+waited+waiting+wake+wales+walk+walked+walking+walks+wall+walls+walter+wandered+wandering+want+wanted+wanting+wants+ward+warfare+warm+warmly+warmth+warn+warned+warning+warrant+warranties+warrior+warriors+wars+wash+washed+washington+waste+wasted+watch+watched+watching+water+waters+wave+waved+waves+ways+weak+weakness+wealth+wealthy+weapon+weapons+wear+wearing+weary+weather+wedding+week+weeks+weep+weeping+weighed+weight+welcome+welfare+well+wellknown+went+wept+were+west+western+westward+what+whatever+whatsoever+wheat+wheel+wheels+when+whence+whenever+where+whereas+wherein+whereupon+wherever+whether+which+while+whilst+whip+whisper+whispered+white+whither+whole+wholly+whom+whose+wicked+widely+widest+widow+wife+wild+wilderness+will+william+williams+willing+willingly+wilson+wilt+wind+winding+window+windows+winds+wine+wing+wings+winter+wire+wisdom+wise+wish+wished+wishes+wishing+with+withdraw+withdrew+within+without+witness+witnessed+witnesses+wits+wives+woke+wolf+woman+women+wonder+wondered+wonderful+wondering+wonders+wont+wood+wooden+woods+wool+word+wordforms+words+wore+work+worked+workers+working+workmen+works+world+worldly+worn+worry+worse+worship+worst+worth+worthy+would+wound+wounded+wounds+wrapped+wrath+wreck+wretch+wretched+write+writer+writers+writes+writing+writings+written+wrong+wrote+wrought+yard+yards+year+years+yellow+yesterday+yield+yielded+yonder+york+young+younger+your+yours+yourself+yourselves+youth+youthful+zeal